"","Group.1","x"
"1","01",132.726461603376
"2","02",125.70239372807
"3","03",126.977575520833
"4","04",128.597241898148
"5","05",110.165256153422
"6","06",102.377966920045
"7","07",106.919638486842
"8","08",107.165381336806
"9","09",121.535272347122
"10","10",138.717795749158
"11","11",143.146194778481
"12","12",131.800520386905
